Customer_ID,Year_Birth,Education,Marital_Status,Income,Children,Deals_Class_ID
1,1985,Graduate,Married,70951,0,B
2,1961,Graduate,Single,57091,0,B
3,1975,Master,Single,46098,2,B
4,1947,PhD,Widow,25358,1,B
5,1971,PhD,Married,60491,1,B
6,1965,Secondary,Married,46891,1,B
7,1976,Graduate,Divorced,46310,1,B
8,1960,Master,Together,17144,2,B
9,1958,Graduate,Married,65148,1,B
10,1987,Graduate,Married,25545,1,B
11,1964,Graduate,Together,55761,1,B
12,1970,Graduate,Single,20587,1,B
13,1963,Graduate,Together,56253,1,B
14,1972,Master,Single,46423,2,B
15,1953,PhD,Single,51411,3,B
16,1982,Secondary,Together,41039,0,B
17,1969,Graduate,Married,25293,1,B
18,1981,Secondary,Married,27733,1,B
19,1975,Secondary,Married,22212,1,B
20,1988,Graduate,Single,34176,1,B
21,1951,Graduate,Married,30833,2,B
22,1966,Master,Single,43456,1,B
23,1951,Graduate,Widow,67046,1,B
24,1958,Secondary,Together,53083,2,C
25,1970,Graduate,Single,61209,0,B
26,1960,PhD,Single,76045,0,B
27,1953,Graduate,Divorced,23272,0,B
28,1945,PhD,Together,71604,0,B
29,1977,PhD,Married,28973,0,B
30,1986,Graduate,Married,71952,1,B
31,1980,Secondary,Single,67506,1,B
32,1956,Graduate,Married,62503,1,B
33,1946,PhD,Together,44124,1,B
34,1996,Basic,Married,14421,0,B
35,1965,Graduate,Married,48006,2,B
36,1972,Graduate,Single,38808,1,B
37,1962,Master,Single,45183,0,B
38,1948,PhD,Widow,82032,0,A
39,1975,Master,Single,81169,0,B
40,1963,PhD,Single,23091,2,B
41,1956,Master,Single,64857,0,B
42,1955,Graduate,Married,48726,1,B
43,1956,Master,Together,28839,2,B
44,1965,Graduate,Single,61559,1,B
45,1979,Graduate,Divorced,15287,1,B
46,1951,Graduate,Married,34838,2,B
47,1967,Secondary,Together,67309,2,D
48,1952,Graduate,Together,83844,0,B
49,1965,Graduate,Married,66480,2,C
50,1971,Graduate,Married,36715,1,C
51,1963,PhD,Divorced,41003,0,B
52,1955,Graduate,Together,53863,1,B
53,1951,Graduate,Divorced,22263,2,B
54,1959,PhD,Married,75032,1,B
55,1945,PhD,Single,45576,0,B
56,1963,PhD,Single,46757,1,C
57,1969,Graduate,Widow,40590,2,B
58,1970,Master,Married,36138,2,B
59,1973,Graduate,Single,34853,2,B
60,1952,Graduate,Single,44213,2,B
61,1970,Graduate,Married,72940,0,B
62,1989,Graduate,Single,81217,0,B
63,1981,Master,Single,22944,1,B
64,1961,PhD,Together,63342,1,B
65,1970,Master,Married,61872,1,B
66,1968,Graduate,Widow,73455,0,B
67,1978,Graduate,Together,42554,2,B
68,1973,Graduate,Married,51148,2,B
69,1957,Graduate,Married,47743,1,B
70,1972,PhD,Married,57091,1,B
71,1970,Graduate,Divorced,72967,1,B
72,1976,Graduate,Divorced,40780,1,B
73,1950,Graduate,Together,48070,1,B
74,1969,Master,Married,43142,2,B
75,1978,Secondary,Married,36550,1,B
76,1974,Graduate,Married,40049,1,B
77,1954,Graduate,Divorced,76773,0,B
78,1971,Graduate,Married,52531,0,B
79,1954,Graduate,Divorced,64497,1,B
80,1976,Basic,Married,7500,0,B
81,1964,Graduate,Divorced,41638,1,B
82,1985,Graduate,Married,55357,2,B
83,1958,Master,Single,61331,2,B
84,1976,Master,Divorced,75012,0,B
85,1978,PhD,Single,54880,1,B
86,1958,Master,Together,42315,1,B
87,1989,Graduate,Single,9255,1,B
88,1956,PhD,Widow,35340,2,B
89,1980,Graduate,Together,69508,1,B
90,1946,PhD,Married,51012,0,B
91,1986,Secondary,Married,7500,1,B
92,1972,PhD,Married,79930,0,B
93,1944,Graduate,Married,65275,0,B
94,1986,Graduate,Married,83512,0,B
95,1988,Graduate,Married,84219,0,B
96,1970,Graduate,Single,30015,1,B
97,1977,Graduate,Together,96876,0,B
98,1985,Master,Married,20559,1,B
99,1974,Graduate,Married,34421,1,B
100,1985,Graduate,Together,54006,1,B
101,1989,Graduate,Married,37155,1,B
102,1966,Basic,Together,22634,0,B
103,1978,Graduate,Married,65819,0,B
104,1954,PhD,Divorced,57333,1,D
105,1987,Graduate,Divorced,81361,0,B
106,1989,Graduate,Single,46107,1,B
107,1954,Graduate,Married,62820,0,B
108,1952,Graduate,Divorced,62335,1,B
109,1981,PhD,Together,56937,1,C
110,1991,Graduate,Single,90273,0,B
111,1964,Graduate,Married,42523,0,B
112,1976,Secondary,Together,26907,2,B
113,1970,Master,Divorced,78579,0,B
114,1957,Graduate,Widow,66033,1,B
115,1967,Graduate,Single,25930,2,B
116,1955,Secondary,Divorced,41769,1,C
117,1953,PhD,Together,53593,2,C
118,1960,Graduate,Together,30507,0,B
119,1977,PhD,Married,69389,1,B
120,1984,Master,Single,18890,0,B
121,1951,Graduate,Married,32871,2,B
122,1966,Master,Married,57183,2,C
123,1951,Graduate,Married,57304,1,B
124,1967,Graduate,Single,52074,1,B
125,1980,Basic,Married,16005,1,B
126,1989,PhD,Single,33996,0,B
127,1973,Master,Divorced,52034,2,B
128,1957,PhD,Married,37633,2,B
129,1954,Graduate,Together,36807,2,B
130,1969,Graduate,Together,74918,0,B
131,1971,Graduate,Married,73691,1,B
132,1975,Secondary,Widow,47682,1,B
133,1952,Graduate,Divorced,51537,1,B
134,1977,Master,Married,50353,0,B
135,1949,PhD,Together,67911,1,B
136,1983,Graduate,Together,28427,1,B
137,1949,PhD,Married,80360,0,B
138,1981,Secondary,Single,42395,2,B
139,1981,Graduate,Together,42162,1,B
140,1975,PhD,Divorced,60554,1,B
141,1981,Secondary,Together,75774,1,B
142,1967,Graduate,Together,54178,1,B
143,1971,Master,Divorced,42835,2,C
144,1973,Graduate,Married,20895,1,B
145,1965,Secondary,Divorced,60161,1,B
146,1987,Graduate,Single,23442,1,B
147,1960,Graduate,Together,44512,2,B
148,1968,Graduate,Together,40521,2,B
149,1969,Master,Together,44602,2,C
150,1975,Graduate,Married,74190,1,B
151,1945,Graduate,Widow,63285,0,B
152,1992,Master,Single,92859,0,B
153,1987,PhD,Single,74004,0,B
154,1966,PhD,Together,65814,1,B
155,1955,Master,Married,38452,2,B
156,1977,Graduate,Married,54809,2,B
157,1975,PhD,Married,45503,1,B
158,1971,Graduate,Married,64722,1,B
159,1953,Master,Together,56129,1,B
160,1968,Graduate,Single,70566,1,B
161,1972,Master,Married,57136,2,C
162,1966,Graduate,Married,44794,1,B
163,1949,Master,Married,62845,2,D
164,1976,Master,Married,49681,2,C
165,1951,Master,Together,29298,2,B
166,1948,PhD,Married,61467,2,B
167,1986,Graduate,Married,23477,1,B
168,1980,Graduate,Together,62994,1,B
169,1986,Graduate,Divorced,21846,1,B
170,1975,Graduate,Married,46149,1,B
171,1972,PhD,Single,41644,2,B
172,1979,Secondary,Married,31086,2,B
173,1978,PhD,Married,37717,1,B
174,1981,Graduate,Married,40211,2,B
175,1987,Graduate,Single,57100,1,B
176,1982,Graduate,Single,39660,1,B
177,1962,Graduate,Married,56181,1,B
178,1965,Graduate,Together,36317,1,B
179,1958,Secondary,Together,26490,0,B
180,1971,Graduate,Single,10245,1,B
181,1960,Basic,Widow,22123,0,B
182,1962,Master,Together,47175,2,C
183,1972,Graduate,Married,74716,1,B
184,1971,Graduate,Divorced,55635,1,B
185,1966,Graduate,Married,44529,1,C
186,1976,Graduate,Married,46049,2,C
187,1968,Master,Divorced,41335,1,B
188,1956,Graduate,Single,54252,2,B
189,1957,Graduate,Together,47320,1,C
190,1975,Graduate,Single,33249,1,B
191,1984,Graduate,Married,40059,1,B
192,1965,Graduate,Married,81168,0,B
193,1991,Graduate,Single,86037,0,B
194,1961,Master,Together,74881,2,B
195,1981,PhD,Together,44953,0,B
196,1977,Graduate,Together,46931,3,B
197,1952,Graduate,Single,61823,1,B
198,1959,PhD,Single,34554,1,B
199,1973,Graduate,Married,79593,0,B
200,1970,PhD,Together,64413,1,B
201,1965,PhD,Single,40637,2,B
202,1989,Secondary,Married,85710,0,B
203,1973,PhD,Single,48432,1,B
204,1953,Graduate,Together,58398,0,B
205,1965,Graduate,Together,52117,1,B
206,1972,Master,Married,35641,1,B
207,1952,Graduate,Married,28332,0,B
208,1969,Graduate,Married,56796,1,B
209,1976,Master,Married,53204,2,B
210,1971,PhD,Married,42403,1,B
211,1963,Graduate,Single,80695,0,B
212,1976,PhD,Divorced,70179,1,B
213,1965,PhD,Single,40760,1,B
214,1974,Graduate,Together,56715,0,B
215,1971,PhD,Married,71969,1,B
216,1957,PhD,Married,75283,3,D
217,1975,Master,Together,22669,1,B
218,1980,Graduate,Married,61014,1,B
219,1960,Master,Together,41275,3,B
220,1976,Master,Married,81929,1,B
221,1982,Master,Together,27590,1,B
222,1956,Master,Married,50965,1,B
223,1973,PhD,Married,85844,0,B
224,1967,PhD,Single,52569,1,B
225,1964,Graduate,Single,81246,0,B
226,1984,PhD,Married,73356,0,B
227,1953,PhD,Married,55707,1,B
228,1972,Graduate,Married,22063,1,B
229,1949,Master,Together,49912,1,B
230,1966,Graduate,Divorced,48877,1,B
231,1970,Graduate,Married,13260,2,B
232,1987,PhD,Single,42000,0,B
233,1958,PhD,Single,50729,2,C
234,1978,PhD,Married,72159,0,B
235,1975,Graduate,Married,27573,1,B
236,1983,PhD,Married,92491,0,B
237,1947,Master,Together,77632,0,B
238,1983,Master,Married,36262,0,B
239,1973,Graduate,Married,26228,1,B
240,1966,Master,Together,49618,2,B
241,1949,Master,Married,36408,2,B
242,1968,PhD,Divorced,69674,2,B
243,1970,PhD,Married,67536,1,B
244,1973,Graduate,Married,52845,1,B
245,1978,Graduate,Together,70440,0,B
246,1963,Graduate,Married,80124,0,B
247,1982,PhD,Together,70038,0,B
248,1984,Secondary,Married,14796,1,B
249,1966,Graduate,Single,63810,1,B
250,1976,Graduate,Single,37697,1,B
251,1965,Master,Single,55250,1,B
252,1960,Graduate,Together,78468,0,B
253,1978,PhD,Together,27683,1,B
254,1978,Graduate,Divorced,41986,1,B
255,1974,Graduate,Married,26067,1,B
256,1988,Graduate,Married,38872,1,B
257,1982,Secondary,Married,57937,1,B
258,1977,Graduate,Single,35790,1,B
259,1986,Graduate,Married,92910,0,B
260,1968,Graduate,Together,58554,2,C
261,1970,Graduate,Married,50447,2,B
262,1956,Master,Together,58656,1,B
263,1970,Graduate,Together,74854,3,C
264,1974,Master,Married,82584,0,B
265,1972,Graduate,Single,31907,0,B
266,1976,Graduate,Single,79941,0,B
267,1954,Master,Widow,44551,1,B
268,1972,Secondary,Together,50334,1,C
269,1992,Master,Together,42670,0,B
270,1982,PhD,Single,38513,1,B
271,1992,Basic,Married,17256,1,B
272,1967,Graduate,Together,32474,2,B
273,1958,Graduate,Married,72905,0,B
274,1954,Master,Married,66991,0,B
275,1975,Secondary,Together,34984,2,B
276,1968,Graduate,Together,34916,2,B
277,1975,Graduate,Single,53201,2,C
278,1986,Basic,Married,20425,1,B
279,1951,Graduate,Together,40689,1,C
280,1952,Graduate,Divorced,82623,0,B
281,1950,Graduate,Together,34026,2,B
282,1978,Secondary,Together,52513,0,B
283,1956,Master,Single,86424,0,B
284,1963,Master,Married,33562,3,B
285,1943,PhD,Widow,57513,0,B
286,1979,Graduate,Single,60474,1,C
287,1982,Master,Married,21059,1,B
288,1966,PhD,Married,69063,1,B
289,1965,PhD,Divorced,36921,2,B
290,1958,Graduate,Single,45160,2,B
291,1960,Secondary,Single,47823,1,B
292,1962,Graduate,Married,55759,1,B
293,1965,Secondary,Together,71488,0,B
294,1952,Graduate,Single,47958,1,B
295,1975,Graduate,Single,42160,2,B
296,1958,PhD,Together,84460,0,A
297,1979,Secondary,Together,60839,2,D
298,1975,Master,Together,34176,1,B
299,1969,Graduate,Single,30822,1,B
300,1965,Master,Married,62694,2,B
301,1972,PhD,Single,38578,2,B
302,1973,Graduate,Married,59041,2,B
303,1983,Secondary,Single,81698,0,B
304,1975,Graduate,Single,56243,3,C
305,1967,Master,Divorced,81380,0,B
306,1986,Graduate,Married,38508,1,C
307,1946,Graduate,Together,82657,0,B
308,1951,PhD,Together,69702,1,B
309,1946,Graduate,Married,78569,0,B
310,1980,Graduate,Married,37406,1,B
311,1977,Graduate,Married,41443,1,C
312,1970,Graduate,Married,90765,0,A
313,1965,Master,Married,56962,3,C
314,1960,Master,Married,47353,1,B
315,1971,Graduate,Together,38590,1,B
316,1965,Graduate,Together,56046,0,B
317,1956,Graduate,Married,90369,0,B
318,1973,PhD,Divorced,35860,2,B
319,1957,Secondary,Divorced,77297,0,B
320,1971,Graduate,Together,71796,0,B
321,1979,Graduate,Single,61825,1,B
322,1965,PhD,Together,65220,0,B
323,1954,Graduate,Divorced,64587,2,B
324,1972,Basic,Married,25224,1,B
325,1960,Master,Married,81843,0,B
326,1979,Graduate,Together,34350,1,B
327,1978,PhD,Together,34043,1,B
328,1964,PhD,Divorced,64140,2,B
329,1974,PhD,Together,65640,1,B
330,1975,Graduate,Married,43057,1,B
331,1967,PhD,Together,62981,0,B
332,1978,Graduate,Single,30168,1,C
333,1978,Graduate,Together,25851,1,B
334,1988,Graduate,Single,39747,1,B
335,1970,Graduate,Single,22585,0,B
336,1961,PhD,Together,66426,1,B
337,1968,PhD,Together,40706,3,B
338,1944,Graduate,Married,55956,0,B
339,1974,Graduate,Single,69719,0,B
340,1965,Basic,Single,23529,1,B
341,1962,PhD,Divorced,85696,0,B
342,1988,Secondary,Together,45204,1,B
343,1988,Graduate,Together,87679,0,B
344,1975,Graduate,Single,33955,1,B
345,1975,PhD,Married,79174,0,B
346,1978,Secondary,Married,12393,0,B
347,1980,Basic,Married,25965,0,B
348,1971,Graduate,Married,64795,1,B
349,1971,PhD,Together,29732,1,B
350,1970,Graduate,Divorced,84835,0,B
351,1961,PhD,Divorced,54959,1,B
352,1974,PhD,Single,39190,1,B
353,1978,Master,Single,35544,1,B
354,1974,Graduate,Single,43322,0,B
355,1952,Graduate,Single,47139,2,B
356,1972,Master,Married,75251,0,B
357,1957,Graduate,Single,64849,0,B
358,1990,Graduate,Married,18929,0,B
359,1985,Secondary,Married,23148,0,B
360,1959,PhD,Together,53537,2,B
361,1971,Secondary,Together,42033,2,B
362,1980,Master,Divorced,78789,0,B
363,1950,Master,Divorced,63120,1,B
364,1987,Graduate,Together,67430,0,B
365,1951,PhD,Married,78939,0,B
366,1954,Master,Married,45736,1,B
367,1972,Graduate,Married,40321,2,B
368,1967,PhD,Married,59062,3,B
369,1973,Secondary,Together,69401,1,B
370,1973,Graduate,Married,31814,1,B
371,1986,Graduate,Married,25252,1,B
372,1962,Graduate,Married,71434,1,B
373,1981,Basic,Married,34445,0,C
374,1973,PhD,Together,55012,1,C
375,1951,Graduate,Together,86610,0,B
376,1965,PhD,Married,84618,0,B
377,1971,Graduate,Widow,45684,1,B
378,1968,Master,Together,34053,1,B
379,1987,Basic,Single,21063,1,B
380,1974,PhD,Single,63159,0,B
381,1967,Graduate,Together,44931,1,B
382,1964,Graduate,Married,60597,1,B
383,1949,PhD,Married,58607,1,B
384,1958,Graduate,Divorced,71964,0,B
385,1969,Graduate,Single,72679,1,B
386,1990,Graduate,Married,35765,1,B
387,1978,Graduate,Married,77583,0,B
388,1975,Graduate,Married,61456,1,B
389,1973,PhD,Together,57906,1,B
390,1955,Graduate,Married,50737,1,B
391,1949,Graduate,Together,38823,1,B
392,1969,PhD,Together,53374,1,C
393,1969,Graduate,Married,72460,0,B
394,1947,Secondary,Married,81044,0,B
395,1972,Graduate,Together,84906,0,B
396,1969,PhD,Married,33581,2,B
397,1974,Secondary,Married,20130,0,B
398,1990,Graduate,Single,96843,0,B
399,1946,PhD,Single,82800,0,B
400,1957,Graduate,Together,50116,2,B
401,1964,Secondary,Married,62905,1,B
402,1959,Graduate,Divorced,63033,0,B
403,1982,Graduate,Together,45203,2,B
404,1959,PhD,Divorced,62859,1,B
405,1952,Graduate,Single,53700,1,B
406,1975,Master,Married,7500,1,B
407,1969,Graduate,Together,76653,0,B
408,1958,PhD,Widow,80995,1,B
409,1971,Graduate,Widow,30372,2,B
410,1955,PhD,Married,22554,2,B
411,1972,Graduate,Together,26290,2,B
412,1976,Graduate,Married,56939,1,B
413,1960,Secondary,Widow,46779,2,B
414,1952,Graduate,Widow,40049,1,B
415,1954,Graduate,Single,46344,2,B
416,1972,Graduate,Married,80134,1,B
417,1970,Graduate,Married,70617,0,B
418,1977,Secondary,Together,82326,0,B
419,1978,Graduate,Together,41154,1,B
420,1975,Secondary,Married,37284,2,B
421,1965,Secondary,Divorced,64176,1,C
422,1977,Graduate,Divorced,82582,0,B
423,1970,PhD,Married,23626,1,B
424,1969,Master,Married,43641,2,B
425,1983,Graduate,Married,69520,0,B
426,1973,Master,Married,27159,2,B
427,1986,Graduate,Married,32880,1,B
428,1969,Graduate,Married,26304,1,B
429,1965,Master,Together,45143,1,B
430,1955,Graduate,Single,57959,1,B
431,1985,Secondary,Single,33812,1,B
432,1970,Graduate,Single,33697,1,B
433,1954,Master,Together,36634,1,B
434,1962,Graduate,Single,50785,2,B
435,1985,Graduate,Single,22327,1,B
436,1954,PhD,Married,62670,1,B
437,1975,Master,Married,37368,1,B
438,1963,PhD,Together,66313,1,B
439,1954,Graduate,Married,46734,1,B
440,1960,Graduate,Divorced,58401,1,B
441,1978,Secondary,Married,47025,1,B
442,1972,Graduate,Together,77044,1,B
443,1971,Graduate,Divorced,29819,1,B
444,1972,Graduate,Married,59666,2,C
445,1972,Graduate,Married,33622,2,B
446,1972,Graduate,Together,30261,3,B
447,1953,Graduate,Single,69267,0,B
448,1952,Master,Together,43776,2,C
449,1976,Graduate,Married,53359,2,B
450,1949,Graduate,Together,54591,1,B
451,1982,Graduate,Married,69109,0,B
452,1976,Graduate,Married,58597,2,D
453,1969,Graduate,Single,81657,0,B
454,1962,Graduate,Together,62568,1,B
455,1969,PhD,Single,66582,0,B
456,1964,PhD,Divorced,78825,0,B
457,1970,Graduate,Married,28164,1,B
458,1954,Graduate,Divorced,72071,1,B
459,1990,Graduate,Married,18222,0,B
460,1974,PhD,Together,28440,1,B
461,1979,Graduate,Together,30545,1,B
462,1971,Graduate,Together,34600,2,B
463,1960,Graduate,Together,62807,1,B
464,1975,PhD,Married,40233,1,B
465,1975,Basic,Married,30801,1,B
466,1955,Master,Single,51124,2,B
467,1965,Graduate,Married,61482,0,B
468,1973,Graduate,Married,25410,1,B
469,1956,Secondary,Divorced,31395,2,B
470,1966,Graduate,Married,61286,1,B
471,1974,Master,Married,83891,1,B
472,1958,Secondary,Single,75342,1,B
473,1969,Secondary,Married,46831,2,B
474,1986,Secondary,Together,20491,0,B
475,1971,Master,Married,35178,1,B
476,1974,PhD,Married,38410,0,B
477,1987,Master,Single,73454,0,B
478,1953,Graduate,Married,37716,1,B
479,1978,Master,Married,88097,1,B
480,1976,Graduate,Married,24027,1,B
481,1951,Master,Divorced,57530,1,B
482,1977,Secondary,Single,31878,1,B
483,1983,PhD,Together,21840,1,B
484,1955,PhD,Single,55521,3,C
485,1970,Master,Single,29548,1,B
486,1961,Basic,Married,28249,0,B
487,1953,Graduate,Together,61278,1,B
488,1955,Master,Divorced,70638,0,B
489,1987,Graduate,Married,17323,0,B
490,1968,Graduate,Together,56534,1,B
491,1977,PhD,Married,61996,1,B
492,1957,Graduate,Married,71113,1,B
493,1972,PhD,Married,29791,1,B
494,1972,Graduate,Divorced,26759,1,B
495,1959,Graduate,Widow,76320,1,B
496,1953,Graduate,Single,40464,1,C
497,1959,Master,Together,82576,0,B
498,1987,Graduate,Married,75794,0,B
499,1960,Master,Married,54197,1,B
500,1974,PhD,Married,34596,1,B
501,1954,Secondary,Single,42607,1,B
502,1982,Graduate,Together,71853,0,B
503,1954,Graduate,Married,50501,2,C
504,1979,Master,Single,16653,1,B
505,1966,Graduate,Single,43602,2,B
506,1971,Graduate,Divorced,40851,2,B
507,1964,Graduate,Single,18701,2,B
508,1972,Master,Married,76234,1,B
509,1993,Graduate,Single,74293,0,B
510,1958,Master,Single,75154,1,B
511,1956,Graduate,Together,46097,1,B
512,1990,Graduate,Single,34412,1,B
513,1984,Secondary,Married,65370,0,B
514,1969,Graduate,Married,52413,2,B
515,1969,Basic,Together,22390,0,B
516,1967,Graduate,Married,42664,1,B
517,1976,Graduate,Single,47025,1,B
518,1976,Master,Together,30560,1,B
519,1956,Graduate,Married,71866,1,B
520,1966,Master,Divorced,29435,2,B
521,1981,Master,Single,36143,1,B
522,1973,Graduate,Together,57100,0,B
523,1955,Graduate,Single,80317,0,B
524,1978,Graduate,Married,73807,1,B
525,1958,PhD,Widow,33438,2,B
526,1988,PhD,Married,67546,0,B
527,1981,Graduate,Single,72066,0,B
528,1961,PhD,Married,54456,1,B
529,1958,Master,Single,30523,3,B
530,1977,Graduate,Married,72117,1,B
531,1992,Secondary,Married,87000,0,B
532,1963,PhD,Single,48918,2,B
533,1975,Graduate,Married,33183,1,B
534,1967,Graduate,Married,22574,3,B
535,1955,Graduate,Married,65210,1,B
536,1976,Graduate,Together,78416,1,B
537,1972,PhD,Married,43269,1,B
538,1980,Graduate,Single,51766,1,B
539,1983,Graduate,Single,24072,1,B
540,1949,PhD,Single,26518,2,B
541,1973,Graduate,Married,49094,1,B
542,1988,Secondary,Divorced,35388,1,B
543,1978,Graduate,Married,67023,0,B
544,1974,Master,Together,46014,2,C
545,1947,PhD,Married,67472,1,B
546,1975,Secondary,Divorced,67893,1,B
547,1971,Master,Divorced,74290,1,B
548,1963,Graduate,Divorced,68118,1,B
549,1985,Graduate,Single,72903,0,B
550,1963,Graduate,Single,49980,1,B
551,1974,PhD,Married,78128,1,B
552,1981,Graduate,Divorced,28510,2,B
553,1975,PhD,Single,52614,1,B
554,1952,Master,Together,55951,1,B
555,1976,Graduate,Single,20180,0,B
556,1978,Master,Single,68092,0,B
557,1978,Graduate,Divorced,71847,0,A
558,1982,Master,Together,23661,1,B
559,1974,PhD,Single,68352,1,B
560,1970,Master,Together,79419,0,B
561,1964,Graduate,Single,45906,1,B
562,1955,PhD,Together,46015,2,B
563,1954,Master,Divorced,62637,1,B
564,1977,Master,Single,36273,1,B
565,1978,Graduate,Married,28442,2,B
566,1982,Graduate,Married,42081,1,B
567,1979,Graduate,Together,75507,0,B
568,1981,Graduate,Married,26872,0,B
569,1943,PhD,Divorced,48948,0,B
570,1976,Graduate,Together,85606,1,B
571,1952,Master,Single,8820,2,B
572,1976,Graduate,Married,30772,2,B
573,1957,Master,Together,66636,0,B
574,1992,Graduate,Single,83528,0,B
575,1976,Graduate,Divorced,30992,1,B
576,1966,Graduate,Together,37758,2,B
577,1962,PhD,Widow,71670,0,B
578,1989,Master,Together,88420,0,B
579,1965,Graduate,Married,69139,1,B
580,1958,Graduate,Single,49967,1,B
581,1984,Graduate,Married,24570,1,B
582,1963,Master,Together,38620,0,B
583,1983,PhD,Married,50150,0,B
584,1966,Graduate,Married,54198,2,C
585,1978,Graduate,Divorced,63693,1,B
586,1975,PhD,Together,61905,1,B
587,1990,Graduate,Married,18351,0,B
588,1984,PhD,Married,70643,0,B
589,1972,PhD,Married,59973,0,B
590,1975,Graduate,Together,66653,2,B
591,1978,PhD,Married,41014,1,B
592,1974,Graduate,Married,45837,2,B
593,1970,Graduate,Divorced,44267,2,B
594,1981,Secondary,Together,19414,1,B
595,1961,Graduate,Single,82332,0,B
596,1976,Graduate,Together,71322,1,B
597,1977,Master,Married,22701,1,B
598,1981,Graduate,Together,38547,1,B
599,1983,Graduate,Married,30096,1,B
600,1962,Master,Divorced,59432,1,B
601,1956,Graduate,Single,91249,0,A
602,1982,Secondary,Single,74116,0,B
603,1957,Graduate,Together,26091,2,B
604,1957,PhD,Single,40737,3,B
605,1973,Graduate,Married,32300,1,B
606,1957,Master,Together,68148,0,B
607,1959,Graduate,Together,87771,1,B
608,1980,Graduate,Single,81741,0,A
609,1973,PhD,Single,46854,2,C
610,1974,PhD,Single,71466,0,B
611,1980,Graduate,Married,77353,1,B
612,1987,PhD,Married,51563,0,B
613,1983,Graduate,Married,39922,1,B
614,1984,Master,Married,42207,1,B
615,1973,Graduate,Married,37971,1,B
616,1965,PhD,Married,62745,1,B
617,1971,Graduate,Married,70886,1,B
618,1958,Graduate,Single,68281,0,B
619,1959,Graduate,Married,35701,0,B
620,1963,Master,Together,57288,1,B
621,1978,Secondary,Together,17117,1,B
622,1976,Secondary,Together,36301,1,B
623,1955,Graduate,Divorced,49431,1,B
624,1960,PhD,Married,49154,2,C
625,1972,Secondary,Married,70932,1,B
626,1967,PhD,Divorced,26642,1,B
627,1956,Master,Married,52973,1,C
628,1952,Graduate,Married,35704,2,B
629,1973,Secondary,Married,35688,3,C
630,1967,PhD,Together,56575,2,B
631,1985,Graduate,Single,29760,1,B
632,1951,Graduate,Married,94642,0,A
633,1948,PhD,Together,66375,1,B
634,1977,Graduate,Married,42014,1,C
635,1970,Master,Divorced,55282,1,B
636,1953,Master,Married,54348,2,B
637,1992,Graduate,Married,34935,0,B
638,1967,Graduate,Divorced,70844,2,B
639,1970,Graduate,Married,69016,1,B
640,1958,PhD,Together,78952,1,B
641,1964,Graduate,Single,45989,1,B
642,1984,Graduate,Single,36108,1,B
643,1951,Master,Married,67381,1,B
644,1968,Master,Divorced,63841,1,B
645,1975,Graduate,Married,76068,1,B
646,1975,Graduate,Divorced,70300,1,B
647,1955,PhD,Married,59821,1,C
648,1991,PhD,Together,68682,0,B
649,1955,Secondary,Married,72635,0,B
650,1951,Graduate,Single,80872,0,B
651,1969,Graduate,Married,14045,1,B
652,1972,Graduate,Married,56721,2,B
653,1956,Graduate,Single,60714,0,B
654,1975,PhD,Married,69283,1,B
655,1977,PhD,Divorced,34487,2,B
656,1971,PhD,Married,60585,2,C
657,1950,Graduate,Single,16813,0,B
658,1958,Graduate,Married,48192,0,B
659,1975,Graduate,Together,55914,1,B
660,1976,PhD,Married,55424,1,B
661,1950,Graduate,Divorced,82460,0,B
662,1970,Graduate,Single,76467,1,B
663,1952,Graduate,Single,62307,1,B
664,1952,Graduate,Single,40887,2,B
665,1983,Graduate,Married,25271,1,B
666,1990,Master,Single,91172,0,A
667,1962,Graduate,Together,75072,1,B
668,1971,Master,Single,39763,1,B
669,1970,Graduate,Together,38200,2,B
670,1968,PhD,Married,38443,2,B
671,1965,Graduate,Single,66294,0,B
672,1960,Graduate,Together,19740,1,B
673,1981,Graduate,Together,31089,1,B
674,1969,Master,Together,41021,1,B
675,1954,Master,Together,60033,1,B
676,1988,Secondary,Married,16248,1,B
677,1969,PhD,Together,42731,1,B
678,1949,Graduate,Divorced,49160,1,B
679,1955,PhD,Single,49667,0,B
680,1973,Master,Married,54108,2,D
681,1963,Graduate,Together,77226,1,B
682,1972,Graduate,Married,62710,1,B
683,1970,Graduate,Married,63684,1,B
684,1958,Master,Married,51412,1,B
685,1960,Secondary,Divorced,87305,0,B
686,1976,Graduate,Together,21675,1,B
687,1987,Basic,Single,15038,1,B
688,1978,Graduate,Single,38557,1,B
689,1962,PhD,Single,52597,1,B
690,1976,Graduate,Married,13624,1,B
691,1974,Master,Married,63206,0,B
692,1972,PhD,Single,27213,1,B
693,1986,Graduate,Single,39146,1,B
694,1995,Secondary,Single,80617,0,B
695,1977,Secondary,Together,25315,1,B
696,1969,Graduate,Married,80952,0,B
697,1971,Graduate,Single,55239,1,B
698,1973,Graduate,Widow,60208,2,D
699,1986,Master,Married,80141,0,B
700,1965,Graduate,Divorced,30630,2,B
701,1954,Graduate,Together,39898,1,B
702,1983,Graduate,Together,78687,0,B
703,1978,Graduate,Single,28647,1,B
704,1984,PhD,Single,39684,1,B
705,1944,Master,Married,80184,0,B
706,1959,Graduate,Divorced,52332,0,B
707,1959,Graduate,Married,61180,1,B
708,1972,Graduate,Single,44503,2,B
709,1961,PhD,Single,84865,0,B
710,1986,PhD,Together,34320,1,B
711,1955,Master,Married,52750,1,C
712,1988,Secondary,Married,23331,1,B
713,1973,Graduate,Together,73926,0,B
714,1958,Graduate,Together,65196,2,B
715,1986,PhD,Single,69867,0,B
716,1959,Master,Widow,33051,0,B
717,1968,Graduate,Married,61314,1,B
718,1959,PhD,Married,52854,2,B
719,1956,Graduate,Together,34633,3,B
720,1968,Graduate,Married,41120,2,B
721,1955,Graduate,Married,67225,1,B
722,1955,Graduate,Together,59925,1,B
723,1951,Graduate,Married,71107,1,B
724,1979,Basic,Together,24594,1,B
725,1953,Master,Married,59354,2,B
726,1962,Graduate,Single,69627,1,B
727,1958,Basic,Single,15056,2,B
728,1974,Graduate,Married,42557,1,B
729,1963,Basic,Together,14918,1,B
730,1963,Graduate,Married,22419,0,B
731,1960,Graduate,Together,63381,1,B
732,1947,PhD,Together,73059,1,B
733,1977,Secondary,Together,20981,0,B
734,1978,Secondary,Together,63855,0,B
735,1980,Secondary,Single,31859,1,B
736,1983,PhD,Married,33569,1,B
737,1970,Graduate,Single,27242,1,B
738,1984,Graduate,Married,27255,1,B
739,1972,Graduate,Married,65685,1,B
740,1975,Graduate,Divorced,83829,0,A
741,1971,PhD,Together,49269,1,B
742,1976,Master,Single,72309,0,B
743,1952,Secondary,Widow,28457,0,B
744,1965,PhD,Divorced,57912,1,B
745,1980,Graduate,Together,44010,1,C
746,1947,PhD,Widow,68117,1,B
747,1965,Graduate,Divorced,4861,0,A
748,1971,PhD,Married,78931,0,B
749,1970,Secondary,Divorced,65706,0,B
750,1974,Master,Together,43018,1,B
751,1976,Graduate,Together,50200,2,C
752,1983,PhD,Divorced,90687,0,B
753,1946,PhD,Together,64014,3,C
754,1960,PhD,Married,77037,1,B
755,1972,PhD,Together,62220,1,B
756,1970,Graduate,Married,22979,1,B
757,1976,Graduate,Divorced,31859,1,B
758,1971,Graduate,Divorced,43300,1,B
759,1954,PhD,Married,65324,1,B
760,1966,Master,Married,49605,0,B
761,1992,Basic,Single,18746,1,B
762,1955,PhD,Single,61284,0,B
763,1976,PhD,Married,49544,1,B
764,1978,Secondary,Divorced,21282,1,B
765,1969,PhD,Married,94871,2,B
766,1954,Secondary,Married,63564,0,B
767,1975,Graduate,Together,60934,1,B
768,1959,Graduate,Married,18690,0,B
769,1962,PhD,Together,31497,1,B
770,1975,Master,Together,53253,2,C
771,1961,Graduate,Married,60544,2,B
772,1971,Graduate,Married,37150,1,C
773,1973,Graduate,Married,24639,2,B
774,1972,Graduate,Married,30675,1,B
775,1948,PhD,Together,46681,2,B
776,1964,Master,Married,79143,0,B
777,1975,Secondary,Single,49514,1,B
778,1975,Graduate,Married,79205,0,B
779,1967,PhD,Married,77766,1,B
780,1962,PhD,Together,56067,1,B
781,1992,Basic,Single,7500,1,B
782,1948,Graduate,Together,70666,0,B
783,1962,Graduate,Single,76624,1,B
784,1965,Graduate,Together,71613,0,B
785,1972,Graduate,Married,38988,3,C
786,1948,PhD,Together,76140,0,B
787,1966,Graduate,Single,37070,2,C
788,1956,Master,Together,55249,1,B
789,1959,Graduate,Together,24221,0,B
790,1950,PhD,Together,52157,1,B
791,1957,Graduate,Single,36864,1,B
792,1965,Graduate,Together,29672,2,B
793,1970,Master,Married,44159,1,B
794,1962,Graduate,Single,57967,1,B
795,1981,PhD,Married,87171,0,B
796,1981,Graduate,Single,91065,0,B
797,1970,PhD,Married,59892,1,B
798,1968,Master,Together,32889,2,B
799,1978,Graduate,Married,17345,1,B
800,1982,Master,Single,6560,0,A
801,1960,Master,Single,98777,0,A
802,1965,Graduate,Married,44375,1,B
803,1986,Master,Single,19485,2,B
804,1959,Graduate,Married,53154,1,B
805,1989,Secondary,Together,38683,1,C
806,1983,PhD,Single,87188,0,B
807,1963,Secondary,Single,39548,2,B
808,1970,PhD,Single,57642,1,B
809,1972,Graduate,Married,30467,1,B
810,1969,Graduate,Together,23228,1,B
811,1973,PhD,Together,20427,1,B
812,1960,Graduate,Together,70971,1,C
813,1957,PhD,Together,6835,1,A
814,1944,Graduate,Married,80589,0,B
815,1979,Graduate,Single,60152,1,B
816,1958,PhD,Together,77863,0,B
817,1989,Graduate,Married,42387,1,B
818,1986,Secondary,Married,21955,1,B
819,1984,PhD,Married,18988,1,B
820,1978,Master,Together,85738,0,B
821,1954,Graduate,Together,32144,2,B
822,1983,Graduate,Single,39062,1,B
823,1970,PhD,Married,67353,1,B
824,1955,Graduate,Divorced,37244,2,B
825,1971,Graduate,Together,71819,1,B
826,1980,Graduate,Married,47850,1,B
827,1966,Graduate,Together,43482,3,B
828,1960,Secondary,Single,32218,0,B
829,1971,Graduate,Married,52914,1,B
830,1971,PhD,Married,46463,2,C
831,1981,PhD,Single,36038,1,B
832,1954,Graduate,Together,75315,1,B
833,1965,PhD,Married,81051,0,B
834,1969,Graduate,Together,68695,0,B
835,1956,Master,Married,63915,2,B
836,1970,Graduate,Together,67419,1,B
837,1961,Graduate,Married,16860,2,B
838,1983,Master,Single,89616,0,B
839,1975,Graduate,Single,55801,2,C
840,1995,Secondary,Single,83257,0,B
841,1976,Graduate,Divorced,31615,1,B
842,1962,Graduate,Married,65316,2,B
843,1964,Master,Married,64100,1,B
844,1961,Graduate,Single,46524,1,B
845,1972,Graduate,Married,30023,1,B
846,1957,Graduate,Single,50388,1,B
847,1989,Graduate,Single,30279,1,B
848,1962,Master,Married,58646,1,B
849,1970,PhD,Divorced,35682,1,B
850,1949,PhD,Married,69098,0,B
851,1958,Graduate,Together,69096,1,B
852,1979,Graduate,Married,63777,2,C
853,1973,Master,Married,60432,1,B
854,1993,Graduate,Single,72354,0,B
855,1969,Master,Single,39858,1,B
856,1965,Master,Single,69882,0,B
857,1952,Graduate,Single,72228,0,B
858,1952,Graduate,Single,75127,0,B
859,1979,Graduate,Together,85693,1,B
860,1948,Master,Widow,78427,0,B
861,1955,Graduate,Together,38946,1,B
862,1980,Graduate,Married,82497,0,B
863,1960,Graduate,Together,13672,2,B
864,1981,Graduate,Single,41967,2,B
865,1966,Master,Together,33564,1,B
866,1991,Graduate,Married,51373,0,B
867,1965,Graduate,Together,47009,1,B
868,1970,Graduate,Together,22070,1,B
869,1969,Graduate,Married,75759,0,B
870,1944,Master,Widow,45006,0,B
871,1970,PhD,Together,82072,0,B
872,1960,PhD,Married,65695,1,B
873,1959,Graduate,Together,71367,0,B
874,1966,PhD,Married,57705,1,B
875,1954,PhD,Single,74637,0,B
876,1967,Graduate,Divorced,70647,1,B
877,1973,Graduate,Married,27803,1,B
878,1951,Secondary,Married,78497,0,B
879,1978,Graduate,Together,42011,1,B
880,1992,Graduate,Together,75114,0,B
881,1990,Secondary,Single,51250,1,B
882,1981,Basic,Married,24480,1,B
883,1963,PhD,Married,81300,1,B
884,1951,Master,Widow,73705,2,B
885,1977,Master,Married,78710,1,B
886,1958,Graduate,Married,51876,0,B
887,1962,PhD,Widow,82571,0,A
888,1958,Master,Married,80739,0,B
889,1953,Graduate,Married,50725,1,B
890,1976,Graduate,Married,7500,1,B
891,1949,Master,Divorced,35416,0,B
892,1964,Graduate,Single,61839,0,B
893,1966,Graduate,Single,34704,1,B
894,1991,Secondary,Together,20193,0,B
895,1979,PhD,Married,31605,1,B
896,1950,PhD,Together,50616,1,B
897,1974,Secondary,Married,65463,1,B
898,1969,PhD,Married,56242,1,B
899,1966,Master,Married,33585,1,B
900,1952,Secondary,Divorced,63998,0,B
901,1952,Master,Together,40442,2,B
902,1965,Secondary,Married,70924,0,B
903,1977,Master,Together,57954,2,C
904,1970,PhD,Together,77622,2,B
905,1977,Graduate,Married,75330,2,B
906,1953,Graduate,Together,80812,0,B
907,1958,Graduate,Divorced,79803,1,B
908,1980,Graduate,Together,44964,2,B
909,1952,Graduate,Divorced,49638,1,B
910,1956,Graduate,Married,15759,0,B
911,1956,Graduate,Divorced,22304,0,B
912,1956,PhD,Single,54998,1,B
913,1954,Graduate,Divorced,79865,1,B
914,1979,Graduate,Married,27244,1,B
915,1965,PhD,Married,71322,1,B
916,1978,Graduate,Together,22775,1,B
917,1974,PhD,Together,30351,1,B
918,1957,Secondary,Married,82347,0,B
919,1970,Graduate,Single,24206,1,B
920,1977,Graduate,Married,34380,1,B
921,1974,Master,Divorced,53367,2,C
922,1968,PhD,Single,38236,2,B
923,1973,Master,Married,38576,1,B
924,1976,PhD,Divorced,55412,2,B
925,1967,Graduate,Divorced,68743,0,B
926,1956,Secondary,Married,53230,1,B
927,1971,Graduate,Together,16626,2,B
928,1973,Secondary,Married,46094,2,B
929,1946,Graduate,Together,37760,0,B
930,1953,Graduate,Married,70503,0,B
931,1953,Graduate,Widow,53653,0,B
932,1966,Secondary,Single,89572,0,B
933,1956,Graduate,Married,48195,2,C
934,1974,Master,Together,21255,1,B
935,1958,PhD,Together,74250,0,B
936,1960,PhD,Together,38201,1,B
937,1970,Graduate,Single,83273,3,C
938,1948,PhD,Married,34469,2,B
939,1954,Graduate,Married,59111,0,B
940,1975,Master,Together,17459,1,B
941,1943,Master,Single,77598,0,B
942,1962,Graduate,Together,76081,0,B
943,1988,Graduate,Single,25008,1,B
944,1989,Graduate,Married,28691,1,B
945,1976,Master,Married,34529,1,B
946,1979,Graduate,Single,48526,1,B
947,1946,Graduate,Married,18100,0,B
948,1974,Graduate,Together,83145,0,B
949,1984,PhD,Single,42710,1,B
950,1951,Basic,Married,26997,0,B
951,1958,Graduate,Divorced,78331,1,B
952,1971,PhD,Single,42767,2,B
953,1961,Master,Married,61794,1,B
954,1963,PhD,Married,54072,2,B
955,1977,Graduate,Single,28769,1,B
956,1994,Graduate,Together,80134,0,B
957,1971,Graduate,Single,22804,1,B
958,1986,Master,Married,28072,1,B
959,1979,Graduate,Together,77298,1,B
960,1993,Graduate,Single,70515,0,B
961,1967,Secondary,Together,47821,2,B
962,1975,Graduate,Widow,58330,1,B
963,1949,PhD,Widow,51569,1,B
964,1974,PhD,Divorced,25509,1,B
965,1971,PhD,Divorced,86979,0,B
966,1965,Master,Married,74806,1,B
967,1963,Secondary,Married,32632,0,B
968,1982,Secondary,Together,66664,0,B
969,1977,Graduate,Single,56628,1,B
970,1951,Master,Married,27450,0,B
971,1960,Graduate,Married,79530,0,B
972,1973,Graduate,Single,65333,1,C
973,1950,Graduate,Together,28320,1,B
974,1985,PhD,Married,64355,1,B
975,1948,Graduate,Single,90842,0,B
976,1979,Basic,Single,20194,1,B
977,1972,Master,Divorced,37760,1,B
978,1970,Secondary,Married,62466,1,B
979,1976,Master,Together,65104,1,B
980,1988,Graduate,Together,29604,1,B
981,1974,Master,Married,58494,1,B
982,1968,PhD,Divorced,50616,1,B
983,1982,Basic,Single,24367,1,B
984,1995,Graduate,Single,34824,0,B
985,1955,Graduate,Married,74268,0,B
986,1955,PhD,Married,58482,1,B
987,1971,Graduate,Together,74538,0,B
988,1963,PhD,Married,53378,2,C
989,1954,Graduate,Divorced,50002,1,B
990,1957,Graduate,Married,52852,1,B
991,1966,Master,Together,45903,1,B
992,1969,PhD,Together,54132,1,B
993,1974,Secondary,Married,45894,2,B
994,1967,Secondary,Together,30753,2,B
995,1979,Graduate,Together,77568,1,B
996,1950,PhD,Single,48767,3,B
997,1955,PhD,Married,38725,2,B
998,1969,Graduate,Divorced,23910,1,B
999,1956,Master,Together,54603,2,C
1000,1977,Secondary,Married,31056,1,B
1001,1970,Graduate,Divorced,33986,1,B
1002,1960,Graduate,Married,29440,2,B
1003,1965,Master,Married,53843,1,B
1004,1964,Graduate,Married,82224,0,B
1005,1976,PhD,Single,42473,2,B
1006,1987,Master,Single,41020,0,B
1007,1973,Graduate,Married,34961,1,B
1008,1975,Secondary,Single,41658,2,B
1009,1964,PhD,Married,41551,2,B
1010,1989,Graduate,Single,18358,1,B
1011,1970,PhD,Married,69084,1,B
1012,1973,Master,Married,38961,1,B
1013,1986,Graduate,Together,78394,0,B
1014,1974,PhD,Together,79632,0,B
1015,1974,PhD,Single,30899,1,B
1016,1971,Master,Married,38196,2,B
1017,1976,Master,Together,21024,0,B
1018,1973,Master,Divorced,44051,2,B
1019,1981,PhD,Married,58293,1,B
1020,1949,PhD,Divorced,35946,2,B
1021,1977,Graduate,Married,74985,0,B
1022,1960,Secondary,Married,82504,0,B
1023,1962,Secondary,Divorced,81975,1,B
1024,1976,Basic,Divorced,9548,1,B
1025,1973,Secondary,Married,23559,1,B
1026,1991,Master,Single,90638,0,B
1027,1973,PhD,Married,32644,1,B
1028,1989,Graduate,Single,21474,1,B
1029,1979,Graduate,Married,2447,1,D
1030,1953,Graduate,Together,94384,0,A
1031,1964,Graduate,Married,48920,2,B
1032,1977,Graduate,Single,23763,1,B
1033,1979,Basic,Single,16014,2,B
1034,1988,Graduate,Married,68487,0,B
1035,1954,Graduate,Together,53103,1,B
1036,1983,Graduate,Together,28359,1,B
1037,1948,PhD,Married,45579,1,B
1038,1956,Graduate,Together,54450,2,D
1039,1965,PhD,Widow,54111,1,B
1040,1956,Master,Married,90226,0,B
1041,1979,Master,Married,45057,1,B
1042,1971,PhD,Married,32011,1,B
1043,1974,Graduate,Married,67445,1,B
1044,1970,Graduate,Single,43020,1,B
1045,1951,Master,Together,47352,1,B
1046,1976,Graduate,Married,39356,2,B
1047,1977,Master,Married,43263,1,B
1048,1977,Master,Married,55842,1,B
1049,1956,Graduate,Together,64090,1,B
1050,1957,Graduate,Single,58138,0,B
1051,1987,Graduate,Together,22434,1,B
1052,1975,Master,Married,47808,1,B
1053,1966,Graduate,Together,57811,1,B
1054,1970,Graduate,Single,67384,1,B
1055,1972,PhD,Married,78075,0,B
1056,1982,PhD,Married,84169,0,B
1057,1963,Master,Divorced,48721,2,C
1058,1954,PhD,Single,90933,0,B
1059,1974,Graduate,Married,60093,1,B
1060,1969,Graduate,Together,62882,1,B
1061,1983,Graduate,Together,43776,1,B
1062,1972,Graduate,Single,21359,1,B
1063,1964,Graduate,Divorced,51983,1,B
1064,1956,Secondary,Together,58821,1,B
1065,1989,PhD,Together,66973,0,B
1066,1965,Graduate,Together,33456,2,B
1067,1969,Graduate,Married,48752,2,B
1068,1980,Master,Married,31535,1,B
1069,1964,PhD,Single,61798,0,B
1070,1982,Graduate,Together,61416,0,B
1071,1991,Graduate,Single,49767,0,B
1072,1980,Graduate,Married,50183,2,C
1073,1963,Graduate,Single,30983,0,B
1074,1979,Master,Together,62499,1,B
1075,1957,Graduate,Together,42213,1,B
1076,1972,Graduate,Married,36026,3,B
1077,1964,PhD,Married,60896,1,B
1078,1960,PhD,Divorced,50611,1,C
1079,1984,Secondary,Married,35684,1,B
1080,1953,PhD,Single,64108,1,B
1081,1971,Master,Divorced,44635,2,B
1082,1980,Graduate,Divorced,81702,0,B
1083,1989,Basic,Married,25443,1,B
1084,1970,Graduate,Together,40548,1,B
1085,1950,Graduate,Married,80763,0,B
1086,1956,PhD,Married,84117,0,B
1087,1976,PhD,Together,49187,1,B
1088,1983,Master,Single,31788,1,B
1089,1983,Master,Married,27100,1,B
1090,1974,PhD,Married,61917,2,B
1091,1970,Secondary,Divorced,25959,2,B
1092,1965,Graduate,Married,59754,1,B
1093,1973,Secondary,Divorced,31163,1,B
1094,1983,Graduate,Together,39453,1,B
1095,1982,Graduate,Married,65169,0,B
1096,1972,Master,Together,49854,1,B
1097,1982,Secondary,Together,58582,1,B
1098,1972,Graduate,Together,46053,1,B
1099,1985,Graduate,Married,31158,1,B
1100,1974,PhD,Married,46374,1,B
1101,1963,Graduate,Married,77437,0,B
1102,1972,Basic,Married,14188,0,B
1103,1970,PhD,Single,32303,1,B
1104,1972,PhD,Together,34578,3,B
1105,1958,Graduate,Divorced,35246,2,B
1106,1972,PhD,Single,86857,0,B
1107,1967,Graduate,Married,77870,1,B
1108,1960,Secondary,Together,92556,0,A
1109,1976,PhD,Divorced,14849,1,B
1110,1967,Graduate,Married,51479,2,C
1111,1966,Graduate,Together,60894,1,B
1112,1977,Graduate,Divorced,40246,1,B
1113,1969,Graduate,Divorced,69901,1,B
1114,1970,Graduate,Together,81205,0,B
1115,1953,Graduate,Married,47703,1,B
1116,1974,Graduate,Together,48186,1,B
1117,1980,Graduate,Married,19107,1,B
1118,1979,Master,Together,24401,0,B
1119,1951,Graduate,Single,60689,1,B
1120,1972,Graduate,Married,77981,1,B
1121,1980,Graduate,Married,34968,1,C
1122,1987,Master,Married,73395,0,B
1123,1950,PhD,Together,5648,2,B
1124,1952,Master,Married,33444,2,B
1125,1964,Graduate,Married,58512,1,B
1126,1974,PhD,Married,40344,1,B
1127,1973,PhD,Married,37401,1,B
1128,1956,Master,Single,55284,1,B
1129,1971,Graduate,Together,38232,2,B
1130,1975,Graduate,Single,57338,1,B
1131,1972,Master,Divorced,42618,1,B
1132,1962,Graduate,Together,72025,0,B
1133,1948,PhD,Divorced,45072,3,B
1134,1968,Graduate,Single,35893,2,C
1135,1978,Graduate,Married,42693,1,B
1136,1974,PhD,Married,45207,2,B
1137,1952,Graduate,Together,33402,2,B
1138,1967,PhD,Single,40304,1,B
1139,1965,Master,Single,33168,1,B
1140,1989,Secondary,Together,10404,1,B
1141,1959,Secondary,Divorced,78353,1,B
1142,1949,Master,Married,48150,1,B
1143,1962,Graduate,Divorced,39552,2,C
1144,1979,Graduate,Married,56775,1,B
1145,1971,PhD,Married,37126,1,B
1146,1959,Master,Together,89120,0,B
1147,1982,Master,Together,73450,0,B
1148,1975,Secondary,Married,57036,1,B
1149,1979,Graduate,Married,71626,0,B
1150,1953,PhD,Together,64504,3,C
1151,1970,Master,Single,75345,0,B
1152,1955,Graduate,Married,80395,0,B
1153,1959,Graduate,Single,50664,2,C
1154,1948,Graduate,Married,42192,0,B
1155,1968,Secondary,Married,48985,1,B
1156,1963,PhD,Single,36736,2,B
1157,1980,Secondary,Married,70829,2,B
1158,1972,Master,Single,49494,1,B
1159,1943,Master,Married,65073,0,B
1160,1971,Graduate,Divorced,25818,1,B
1161,1963,Graduate,Divorced,45146,2,B
1162,1985,PhD,Married,33454,1,B
1163,1950,Secondary,Together,52203,0,B
1164,1984,Graduate,Together,26646,1,B
1165,1969,PhD,Married,68462,0,B
1166,1962,PhD,Single,27238,2,B
1167,1951,Graduate,Married,75903,1,B
1168,1978,Graduate,Single,38643,2,B
1169,1947,Graduate,Together,74485,0,B
1170,1967,Master,Single,32557,1,B
1171,1976,PhD,Together,37395,1,B
1172,1982,Master,Married,43815,1,B
1173,1977,Graduate,Married,31353,2,B
1174,1965,Graduate,Married,59594,1,B
1175,1971,Graduate,Divorced,44421,2,B
1176,1976,Graduate,Married,65991,1,B
1177,1966,PhD,Single,7144,2,A
1178,1950,PhD,Together,59292,1,B
1179,1953,Graduate,Single,73892,0,B
1180,1947,Master,Single,91712,0,A
1181,1949,PhD,Widow,54356,1,B
1182,1952,Master,Together,70545,1,B
1183,1976,Master,Single,60482,1,B
1184,1955,Master,Together,82384,0,B
1185,1979,Graduate,Married,58025,1,B
1186,1962,Master,Single,72217,0,B
1187,1968,Graduate,Together,35322,3,B
1188,1952,PhD,Married,50870,1,B
1189,1948,Master,Married,83790,0,B
1190,1966,Graduate,Divorced,55686,1,B
1191,1986,Graduate,Together,34728,1,B
1192,1951,Master,Together,59385,2,B
1193,1986,PhD,Married,82333,0,B
1194,1977,Graduate,Married,54233,1,B
1195,1968,PhD,Divorced,42564,1,C
1196,1986,PhD,Together,91820,0,A
1197,1978,Graduate,Married,33039,1,B
1198,1959,Graduate,Married,65031,1,B
1199,1976,Master,Single,70893,0,B
1200,1967,Graduate,Together,65777,0,B
1201,1960,Graduate,Married,29315,2,B
1202,1985,Graduate,Single,29938,1,B
1203,1959,Graduate,Married,79823,1,B
1204,1979,Basic,Single,15862,1,B
1205,1987,Master,Divorced,61787,0,B
1206,1984,Graduate,Together,15345,1,B
1207,1978,Graduate,Married,44359,2,B
1208,1959,Secondary,Divorced,59052,1,B
1209,1987,Secondary,Married,30390,0,B
1210,1954,PhD,Married,36930,1,B
1211,1979,Graduate,Single,57537,1,B
1212,1949,Master,Widow,47570,2,B
1213,1953,Graduate,Together,48794,2,B
1214,1971,PhD,Together,32892,1,B
1215,1978,Graduate,Divorced,71022,1,B
1216,1976,PhD,Together,52190,2,B
1217,1974,Basic,Married,18393,1,B
1218,1969,Graduate,Together,58917,3,B
1219,1988,Master,Married,78285,0,B
1220,1967,Graduate,Divorced,57136,0,B
1221,1971,Master,Together,80573,0,B
1222,1961,Graduate,Together,88347,0,B
1223,1954,Graduate,Married,86718,0,B
1224,1977,Graduate,Together,33178,1,B
1225,1950,PhD,Widow,76842,0,B
1226,1964,PhD,Married,45759,2,B
1227,1985,Secondary,Single,41473,1,B
1228,1958,Graduate,Married,61074,1,C
1229,1967,Graduate,Together,66825,0,B
1230,1976,Graduate,Divorced,64892,1,B
1231,1982,Graduate,Married,28718,1,B
1232,1969,Master,Single,62772,1,B
1233,1965,PhD,Married,57236,2,B
1234,1971,Master,Single,36230,1,B
1235,1959,PhD,Married,38829,1,B
1236,1960,Graduate,Married,51651,1,B
1237,1975,Secondary,Together,19789,1,B
1238,1980,Graduate,Single,30828,1,B
1239,1977,Graduate,Together,39771,1,B
1240,1989,Basic,Married,17487,1,B
1241,1951,PhD,Widow,67680,1,B
1242,1954,Graduate,Together,77972,0,B
1243,1982,Master,Together,18492,1,B
1244,1974,Graduate,Together,47889,1,B
1245,1945,Master,Together,62847,0,B
1246,1949,Master,Married,76995,1,B
1247,1954,PhD,Married,72550,2,C
1248,1984,Graduate,Married,38680,1,B
1249,1981,Graduate,Together,56386,2,C
1250,1944,PhD,Divorced,55614,0,B
1251,1969,Master,Married,70091,1,B
1252,1966,Graduate,Widow,27038,0,B
1253,1970,Master,Married,44511,1,C
1254,1975,Graduate,Together,59481,1,B
1255,1978,Graduate,Married,38415,2,B
1256,1979,Master,Divorced,33462,1,B
1257,1988,Graduate,Single,66951,0,B
1258,1961,Graduate,Divorced,27215,3,B
1259,1984,Graduate,Together,16529,1,B
1260,1965,Graduate,Married,77343,0,B
1261,1970,PhD,Married,55158,2,B
1262,1972,Graduate,Together,59868,1,C
1263,1940,PhD,Single,51141,0,B
1264,1965,Graduate,Single,23478,0,B
1265,1989,Graduate,Together,31928,1,B
1266,1966,Graduate,Single,33279,0,B
1267,1973,Basic,Married,18978,1,B
1268,1966,Master,Married,38179,2,B
1269,1964,Graduate,Married,75236,1,B
1270,1951,Master,Single,58217,3,B
1271,1948,PhD,Single,60200,1,C
1272,1968,Master,Together,43795,1,B
1273,1951,Graduate,Married,71965,1,B
1274,1954,PhD,Married,70421,1,B
1275,1985,Graduate,Together,29103,1,B
1276,1988,Graduate,Single,68655,0,B
1277,1954,Graduate,Married,38998,2,B
1278,1979,Graduate,Married,17688,1,B
1279,1966,Graduate,Single,86358,2,B
1280,1962,Graduate,Divorced,37859,3,B
1281,1985,Graduate,Married,21355,1,B
1282,1983,Graduate,Divorced,82025,0,B
1283,1980,Secondary,Married,96547,0,A
1284,1974,Graduate,Married,44989,1,B
1285,1953,Graduate,Together,41452,2,B
1286,1982,Master,Single,75777,0,B
1287,1979,Graduate,Together,21645,1,B
1288,1987,Graduate,Single,29236,1,B
1289,1971,Graduate,Divorced,1730,0,D
1290,1989,Master,Divorced,10979,0,B
1291,1969,Master,Together,35924,2,B
1292,1959,PhD,Divorced,68805,1,B
1293,1974,PhD,Married,65352,1,B
1294,1965,PhD,Together,32727,0,B
1295,1954,Graduate,Widow,27421,0,B
1296,1977,Graduate,Divorced,32952,1,B
1297,1967,Graduate,Single,79146,2,B
1298,1968,Graduate,Divorced,61671,1,C
1299,1994,Graduate,Together,80685,0,B
1300,1953,Master,Widow,84953,0,B
1301,1967,PhD,Married,63246,2,B
1302,1978,Secondary,Married,26224,1,B
1303,1968,PhD,Married,44377,2,C
1304,1967,Graduate,Divorced,76982,0,B
1305,1941,PhD,Married,93027,0,A
1306,1966,PhD,Single,46734,3,B
1307,1971,Graduate,Single,31632,0,B
1308,1952,Graduate,Single,84574,0,B
1309,1958,Master,Married,49572,2,B
1310,1977,Master,Married,27889,1,B
1311,1974,Graduate,Married,26751,2,B
1312,1947,Graduate,Single,77457,0,B
1313,1982,Graduate,Together,50272,1,B
1314,1972,PhD,Together,83443,0,B
1315,1974,Graduate,Together,75702,1,B
1316,1976,Graduate,Married,74068,0,B
1317,1950,Master,Divorced,38054,2,B
1318,1951,Graduate,Divorced,43185,1,B
1319,1980,Master,Married,69661,0,B
1320,1972,Secondary,Single,65704,0,B
1321,1955,Graduate,Single,62535,1,B
1322,1984,Graduate,Single,11012,1,B
1323,1981,Graduate,Single,58684,0,B
1324,1968,Master,Married,29543,2,B
1325,1973,Graduate,Married,33471,1,B
1326,1963,Graduate,Together,54414,2,B
1327,1971,Graduate,Married,76445,1,B
1328,1953,PhD,Single,46231,3,B
1329,1955,PhD,Married,66465,1,B
1330,1978,Secondary,Married,25804,1,B
1331,1974,PhD,Married,37087,1,B
1332,1983,Graduate,Married,36790,0,B
1333,1966,PhD,Single,78420,0,B
1334,1952,PhD,Together,61010,1,B
1335,1973,Graduate,Married,67432,1,B
1336,1962,Graduate,Divorced,63887,1,B
1337,1985,Graduate,Married,19986,1,B
1338,1963,PhD,Widow,52278,1,C
1339,1943,PhD,Married,75865,0,B
1340,1965,Master,Widow,51390,2,C
1341,1957,Graduate,Married,73803,1,B
1342,1982,Graduate,Single,68627,0,B
1343,1968,Graduate,Divorced,36997,2,B
1344,1977,PhD,Single,42997,2,B
1345,1962,PhD,Married,54693,1,C
1346,1986,Master,Single,21888,1,B
1347,1955,Secondary,Together,74805,1,B
1348,1972,Graduate,Together,64474,1,B
1349,1977,Graduate,Married,30368,1,B
1350,1966,PhD,Together,30843,2,B
1351,1955,Graduate,Together,65748,1,B
1352,1950,PhD,Married,41145,2,B
1353,1957,Graduate,Married,62187,0,B
1354,1973,Graduate,Widow,42429,1,B
1355,1972,Graduate,Married,69209,0,B
1356,1975,Secondary,Married,17003,1,B
1357,1960,Graduate,Widow,47916,1,B
1358,1978,Graduate,Together,57867,1,C
1359,1969,Graduate,Together,38361,1,B
1360,1978,Secondary,Single,52195,3,B
1361,1981,Graduate,Divorced,56981,0,B
1362,1957,Graduate,Married,78618,0,B
1363,1971,Master,Single,33316,2,B
1364,1969,PhD,Together,69476,0,B
1365,1953,Graduate,Married,48686,3,B
1366,1968,Graduate,Together,41728,1,B
1367,1985,Graduate,Single,70596,0,B
1368,1973,Graduate,Single,7500,1,B
1369,1952,Graduate,Divorced,69142,1,B
1370,1982,Secondary,Single,23616,1,B
1371,1949,Secondary,Widow,74859,0,B
1372,1986,PhD,Together,38197,1,B
1373,1971,Master,Married,56850,1,B
1374,1959,PhD,Married,36732,2,B
1375,1961,Secondary,Widow,59184,1,B
1376,1958,PhD,Single,71691,0,B
1377,1973,Basic,Together,9722,1,B
1378,1957,Graduate,Married,55267,1,B
1379,1981,Master,Married,36959,1,B
1380,1952,PhD,Divorced,46610,2,C
1381,1976,Graduate,Together,51369,1,B
1382,1981,Master,Together,42021,1,B
1383,1968,Graduate,Divorced,75693,0,B
1384,1951,Master,Together,39767,0,B
1385,1978,Graduate,Together,41580,2,B
1386,1966,Graduate,Married,80398,0,B
1387,1951,Graduate,Single,49090,1,B
1388,1952,PhD,Married,54549,1,B
1389,1970,Graduate,Together,53187,1,B
1390,1964,PhD,Married,31686,2,B
1391,1971,Graduate,Married,43824,2,B
1392,1968,Master,Divorced,27071,1,B
1393,1987,Graduate,Single,46923,1,B
1394,1971,Secondary,Married,54690,2,B
1395,1975,Graduate,Together,80144,0,B
1396,1991,PhD,Single,68126,0,B
1397,1988,Graduate,Single,27938,1,B
1398,1973,Graduate,Divorced,71128,1,B
1399,1969,Master,Married,42169,2,B
1400,1967,Master,Together,62513,1,B
1401,1954,Graduate,Single,36130,1,C
1402,1956,Master,Together,34941,2,B
1403,1954,Graduate,Single,22507,0,B
1404,1964,Master,Single,63972,1,B
1405,1950,PhD,Widow,56551,2,B
1406,1963,Master,Single,64191,1,B
1407,1950,PhD,Divorced,42873,2,B
1408,1948,PhD,Married,56223,1,B
1409,1976,Graduate,Single,75825,0,A
1410,1957,PhD,Married,44155,2,B
1411,1956,Secondary,Together,54342,2,B
1412,1968,Master,Divorced,23748,1,B
1413,1980,Graduate,Married,43586,1,B
1414,1964,Graduate,Married,49096,2,B
1415,1952,Graduate,Married,50300,1,B
1416,1978,PhD,Single,31626,1,B
1417,1979,PhD,Together,27922,1,B
1418,1992,Basic,Single,15253,1,B
1419,1983,Graduate,Together,37292,1,B
1420,1974,Secondary,Together,49669,1,B
1421,1974,Graduate,Single,42373,2,B
1422,1990,Basic,Single,16185,1,B
1423,1975,Master,Married,92163,0,A
1424,1973,Secondary,Married,43050,1,B
1425,1977,Graduate,Married,22108,2,B
1426,1978,Master,Together,61346,1,B
1427,1989,Graduate,Single,64449,1,B
1428,1973,PhD,Single,35860,2,B
1429,1985,PhD,Single,30298,0,B
1430,1968,Master,Married,70777,1,B
1431,1976,PhD,Married,51650,1,B
1432,1975,Secondary,Together,46772,1,C
1433,1946,PhD,Single,62159,0,B
1434,1947,Master,Together,66000,0,B
1435,1965,Secondary,Married,76800,0,B
1436,1978,Graduate,Married,64813,1,B
1437,1986,Graduate,Married,22518,1,B
1438,1954,PhD,Married,57744,1,B
1439,1978,Secondary,Together,38702,1,B
1440,1986,PhD,Single,29999,1,B
1441,1983,PhD,Married,23536,1,B
1442,1967,Master,Married,37054,2,B
1443,1976,Graduate,Together,62061,1,B
1444,1972,Secondary,Together,46344,1,B
1445,1959,Graduate,Together,54753,1,B
1446,1976,Graduate,Together,54058,1,B
1447,1981,Master,Together,77882,0,B
1448,1959,Master,Married,77520,1,B
1449,1968,Graduate,Single,36065,2,B
1450,1974,Graduate,Single,49166,1,B
1451,1970,PhD,Married,80336,0,B
1452,1949,Graduate,Widow,70165,0,B
1453,1952,Master,Married,77027,1,B
1454,1975,PhD,Married,86836,0,B
1455,1973,PhD,Together,63516,2,B
1456,1949,Graduate,Married,72025,0,B
1457,1946,Master,Married,66835,0,B
1458,1969,Graduate,Single,18589,0,B
1459,1952,PhD,Married,77610,1,B
1460,1971,Master,Married,34109,1,B
1461,1978,Graduate,Married,38136,1,B
1462,1976,PhD,Together,72335,0,B
1463,1951,PhD,Single,64950,1,B
1464,1969,Master,Single,26877,0,B
1465,1982,Graduate,Married,24711,0,B
1466,1958,PhD,Together,51518,1,B
1467,1975,PhD,Married,36663,1,B
1468,1969,Graduate,Married,42231,2,B
1469,1961,Graduate,Married,79410,0,B
1470,1962,Secondary,Together,82122,0,B
1471,1987,PhD,Single,95169,0,B
1472,1959,Graduate,Single,80982,2,B
1473,1955,Graduate,Single,72906,0,B
1474,1969,Graduate,Married,65747,1,B
1475,1947,Graduate,Married,27469,0,B
1476,1958,Graduate,Together,28087,2,B
1477,1955,PhD,Together,75261,0,B
1478,1983,Graduate,Together,36075,1,B
1479,1981,Secondary,Married,51111,2,B
1480,1952,Graduate,Married,62998,1,B
1481,1988,Master,Single,90247,0,B
1482,1971,Secondary,Together,26850,2,B
1483,1971,PhD,Widow,47111,1,C
1484,1973,PhD,Married,54222,1,B
1485,1982,Graduate,Married,22448,1,B
1486,1986,Graduate,Single,26816,0,B
1487,1971,Graduate,Married,25721,1,B
1488,1959,Graduate,Married,42243,2,B
1489,1956,Graduate,Married,63943,1,B
1490,1969,Master,Married,79734,0,B
1491,1951,PhD,Married,53312,0,B
1492,1975,PhD,Married,60631,2,B
1493,1986,Master,Married,27161,1,B
1494,1973,Graduate,Together,22682,1,B
1495,1985,PhD,Single,37929,0,B
1496,1976,Master,Together,46106,2,B
1497,1960,Graduate,Married,31454,2,B
1498,1956,Master,Together,50898,2,D
1499,1990,Basic,Married,24279,0,B
1500,1968,Graduate,Married,51287,2,B
1501,1956,Master,Together,14661,0,B
1502,1978,PhD,Married,82170,0,B
1503,1952,Master,Divorced,59354,2,B
1504,1978,Secondary,Single,38593,1,B
1505,1984,Graduate,Married,23228,1,B
1506,1971,Secondary,Married,78041,0,B
1507,1957,Secondary,Married,53233,1,B
1508,1975,Master,Married,54730,1,B
1509,1971,Master,Married,39791,1,B
1510,1980,Secondary,Together,14515,1,B
1511,1972,Master,Married,53761,2,C
1512,1980,Graduate,Married,33228,1,B
1513,1950,Master,Widow,64866,1,B
1514,1973,Basic,Together,27190,1,B
1515,1956,Master,Together,69245,1,B
1516,1965,PhD,Divorced,47025,2,B
1517,1990,PhD,Married,74214,0,B
1518,1965,PhD,Together,51717,1,B
1519,1964,Graduate,Together,68142,1,B
1520,1982,Graduate,Married,79908,0,B
1521,1979,Graduate,Together,90300,0,A
1522,1969,PhD,Married,30396,1,B
1523,1974,Graduate,Single,32233,1,B
1524,1987,Graduate,Together,18227,1,B
1525,1976,Secondary,Together,75484,1,B
1526,1968,PhD,Married,55954,1,B
1527,1957,Graduate,Married,43140,1,B
1528,1961,Graduate,Single,82014,0,B
1529,1951,Graduate,Married,44689,2,B
1530,1953,Master,Married,67087,1,B
1531,1979,Graduate,Divorced,68274,2,B
1532,1962,PhD,Single,33419,1,B
1533,1981,Graduate,Married,29009,1,B
1534,1958,Secondary,Single,38741,2,B
1535,1970,Secondary,Married,15315,0,B
1536,1957,Graduate,Together,21994,1,B
1537,1964,Graduate,Together,63404,2,B
1538,1985,Master,Married,19510,2,B
1539,1972,Graduate,Single,24762,1,B
1540,1962,Graduate,Divorced,46102,3,B
1541,1978,Basic,Together,24882,1,B
1542,1956,Graduate,Divorced,26150,3,B
1543,1971,Master,Together,30538,1,B
1544,1978,Graduate,Together,75437,0,B
1545,1976,Graduate,Together,29478,1,B
1546,1968,Graduate,Married,19329,1,B
1547,1965,Master,Together,65735,2,B
1548,1952,Graduate,Married,67433,2,B
1549,1949,Graduate,Widow,72643,0,B
1550,1990,Secondary,Married,24683,1,B
1551,1954,Graduate,Divorced,85683,0,B
1552,1965,Graduate,Married,44300,2,B
1553,1992,Graduate,Single,48789,0,B
1554,1969,Graduate,Together,54165,0,B
1555,1961,PhD,Together,32583,2,B
1556,1971,Master,Married,49505,2,C
1557,1952,PhD,Together,85431,0,B
1558,1958,PhD,Widow,50520,1,B
1559,1980,Graduate,Married,80011,1,B
1560,1964,Graduate,Divorced,69932,1,B
1561,1964,PhD,Together,46910,2,B
1562,1957,Graduate,Widow,65486,1,B
1563,1958,Graduate,Married,81320,0,B
1564,1976,Graduate,Married,17649,1,B
1565,1956,Graduate,Widow,46984,2,B
1566,1971,Graduate,Together,69930,0,B
1567,1978,Graduate,Widow,54162,2,B
1568,1952,PhD,Together,69805,1,B
1569,1974,Graduate,Divorced,39996,2,B
1570,1979,Basic,Together,23724,1,B
1571,1978,Graduate,Together,53172,1,B
1572,1962,Graduate,Married,86111,0,B
1573,1952,Graduate,Together,43462,2,C
1574,1986,Basic,Single,14906,0,B
1575,1956,Graduate,Married,79456,0,B
1576,1975,PhD,Married,80427,1,B
1577,1982,Graduate,Single,28567,1,B
1578,1964,Secondary,Divorced,41713,2,B
1579,1969,Master,Widow,67369,1,B
1580,1978,Graduate,Divorced,55563,1,B
1581,1989,Graduate,Married,75433,1,B
1582,1984,Graduate,Together,37235,1,B
1583,1974,PhD,Together,45068,1,B
1584,1946,Master,Married,68657,0,B
1585,1971,Master,Together,57420,1,B
1586,1985,Secondary,Married,36145,1,B
1587,1950,Graduate,Married,57045,1,B
1588,1956,Master,Married,62058,1,B
1589,1989,Secondary,Married,59060,1,B
1590,1984,PhD,Married,38175,1,B
1591,1960,Graduate,Single,48904,1,B
1592,1979,Secondary,Divorced,13533,1,B
1593,1962,Graduate,Together,51195,2,C
1594,1976,Master,Together,37509,1,B
1595,1976,Graduate,Married,61064,1,B
1596,1972,PhD,Married,44325,1,B
1597,1984,Graduate,Together,35196,1,C
1598,1963,PhD,Together,33629,2,B
1599,1971,PhD,Divorced,65808,2,B
1600,1965,Graduate,Single,42720,2,C
1601,1959,Graduate,Married,87195,0,B
1602,1955,Graduate,Together,42586,2,B
1603,1967,PhD,Married,56320,1,B
1604,1975,Graduate,Divorced,36627,2,B
1605,1967,Master,Single,59235,1,B
1606,1973,Graduate,Single,83917,0,B
1607,1965,Master,Married,70053,1,B
1608,1986,Graduate,Together,83033,1,B
1609,1969,Master,Together,65176,1,B
1610,1983,Secondary,Married,32146,1,B
1611,1959,Graduate,Divorced,61250,1,C
1612,1970,Graduate,Divorced,54137,1,B
1613,1953,Master,Married,65569,1,B
1614,1965,Master,Single,35791,3,B
1615,1957,PhD,Together,40451,2,B
1616,1952,Secondary,Single,64831,2,C
1617,1975,Master,Married,44319,2,B
1618,1977,Graduate,Married,71855,1,B
1619,1972,PhD,Married,62010,1,B
1620,1968,Graduate,Married,19514,2,B
1621,1985,Basic,Single,16581,0,B
1622,1964,Secondary,Together,68316,1,B
1623,1972,Master,Married,83151,0,B
1624,1975,Graduate,Married,37085,2,B
1625,1972,PhD,Married,70116,0,B
1626,1955,Graduate,Widow,79800,0,B
1627,1980,PhD,Married,30732,1,B
1628,1988,Graduate,Single,20518,1,B
1629,1955,Secondary,Married,62972,1,B
1630,1956,Graduate,Divorced,46086,1,B
1631,1950,Graduate,Together,60905,1,B
1632,1962,Graduate,Single,66565,1,B
1633,1950,Graduate,Together,27203,2,B
1634,1960,Secondary,Together,50523,2,B
1635,1972,Graduate,Single,72504,1,B
1636,1964,PhD,Married,59304,1,B
1637,1968,Graduate,Married,63967,1,B
1638,1956,Graduate,Married,67131,1,B
1639,1966,PhD,Single,69759,0,B
1640,1953,Graduate,Married,39722,1,B
1641,1970,Graduate,Widow,66731,1,B
1642,1968,Graduate,Together,77382,1,B
1643,1962,Master,Married,72828,1,C
1644,1970,Graduate,Widow,31880,1,B
1645,1991,Graduate,Married,42691,0,B
1646,1980,PhD,Married,43974,1,B
1647,1971,Graduate,Married,35788,2,B
1648,1971,Graduate,Single,91700,0,B
1649,1972,PhD,Single,55260,1,B
1650,1961,Master,Married,61923,2,B
1651,1971,PhD,Single,60504,1,B
1652,1990,Graduate,Single,64509,0,B
1653,1985,Master,Together,40101,1,B
1654,1971,Graduate,Single,58350,1,B
1655,1945,PhD,Married,70356,0,B
1656,1984,Secondary,Together,32414,0,B
1657,1986,Graduate,Married,79529,0,B
1658,1953,Graduate,Married,75027,1,B
1659,1961,Master,Married,80950,0,B
1660,1978,Graduate,Single,60199,3,B
1661,1958,Graduate,Together,53977,1,B
1662,1960,Master,Together,83151,0,B
1663,1979,Graduate,Married,36781,1,B
1664,1959,Master,Married,34242,1,B
1665,1952,Graduate,Married,81795,0,B
1666,1947,PhD,Together,81574,0,B
1667,1976,Graduate,Married,5305,1,A
1668,1976,Secondary,Single,79689,0,B
1669,1952,Basic,Together,13084,0,B
1670,1969,PhD,Widow,62187,1,B
1671,1956,Master,Together,50943,1,B
1672,1985,Graduate,Married,92533,0,B
1673,1959,Graduate,Single,62450,1,B
1674,1982,Graduate,Married,37040,0,B
1675,1965,Graduate,Single,69263,1,B
1676,1976,PhD,Single,60000,1,B
1677,1979,Secondary,Single,88194,1,B
1678,1945,PhD,Married,65846,0,B
1679,1978,Graduate,Married,66373,2,C
1680,1962,Graduate,Together,50127,1,B
1681,1971,Graduate,Single,26954,1,B
1682,1958,Secondary,Single,85485,0,B
1683,1954,PhD,Married,52869,2,B
1684,1989,Graduate,Married,38360,1,B
1685,1979,Master,Married,32765,1,B
1686,1964,Master,Single,58308,1,B
1687,1958,PhD,Single,79761,1,B
1688,1965,Graduate,Married,73538,1,B
1689,1959,Graduate,Together,71706,1,B
1690,1984,Graduate,Single,34738,1,B
1691,1985,Graduate,Single,66503,1,B
1692,1976,Graduate,Married,17148,1,B
1693,1959,Graduate,Together,57957,1,C
1694,1986,PhD,Married,45921,0,B
1695,1984,Graduate,Together,23976,1,B
1696,1980,PhD,Single,76412,0,B
1697,1954,Graduate,Married,93404,3,B
1698,1959,Graduate,Married,58113,1,B
1699,1980,Graduate,Single,28071,0,B
1700,1949,Master,Married,81698,0,B
1701,1975,Graduate,Married,40794,1,B
1702,1971,Secondary,Divorced,49118,0,B
1703,1982,Graduate,Together,40479,1,B
1704,1990,Graduate,Married,73687,0,B
1705,1988,Graduate,Married,24645,1,B
1706,1987,Graduate,Married,7500,0,B
1707,1961,PhD,Married,57072,1,B
1708,1965,Graduate,Together,83003,0,B
1709,1982,PhD,Together,32313,1,B
1710,1959,PhD,Married,33762,3,B
1711,1983,Graduate,Together,22010,1,B
1712,1961,Graduate,Together,64260,0,B
1713,1980,PhD,Single,65295,0,B
1714,1969,Graduate,Married,73448,0,B
1715,1965,PhD,Married,69969,0,B
1716,1987,Secondary,Single,23830,0,B
1717,1951,Graduate,Single,15033,0,B
1718,1958,PhD,Together,65488,0,B
1719,1983,Master,Married,35876,0,B
1720,1968,Graduate,Married,64590,0,B
1721,1967,Graduate,Single,46904,2,B
1722,1975,Graduate,Married,35797,1,B
1723,1957,PhD,Divorced,54237,1,B
1724,1971,Graduate,Married,18793,1,B
1725,1970,Secondary,Married,23162,2,B
1726,1975,Graduate,Single,73170,0,B
1727,1951,Graduate,Married,53790,2,B
1728,1966,Graduate,Divorced,67272,1,B
1729,1988,Graduate,Together,41883,1,B
1730,1970,PhD,Married,38097,2,B
1731,1974,PhD,Single,31560,1,B
1732,1969,PhD,Married,55212,1,B
1733,1969,PhD,Divorced,58086,1,B
1734,1960,Graduate,Married,67716,1,B
1735,1966,PhD,Together,28764,2,B
1736,1957,Graduate,Married,23539,0,B
1737,1955,Graduate,Widow,58275,2,C
1738,1980,Graduate,Married,41850,2,B
1739,1986,Master,Together,42386,1,B
1740,1963,Graduate,Single,34377,1,B
1741,1955,Graduate,Married,76998,1,B
1742,1961,PhD,Divorced,64325,1,B
1743,1988,Secondary,Single,23331,1,C
1744,1971,Master,Together,71499,1,B
1745,1957,Graduate,Single,78499,0,B
1746,1956,Graduate,Married,58116,1,B
1747,1968,PhD,Divorced,83664,2,B
1748,1970,Master,Single,44802,0,B
1749,1978,Graduate,Together,28587,1,B
1750,1972,Secondary,Married,24884,1,B
1751,1952,PhD,Single,62000,1,B
1752,1959,Graduate,Together,44911,1,B
1753,1969,Graduate,Together,21918,1,B
1754,1956,Graduate,Married,71391,1,B
1755,1952,Graduate,Together,34074,2,B
1756,1969,Master,Together,66476,1,B
1757,1996,Secondary,Married,7500,0,B
1758,1981,PhD,Together,39665,1,B
1759,1944,PhD,Single,82716,0,B
1760,1963,PhD,Married,4023,2,D
1761,1979,Graduate,Single,70337,0,B
1762,1954,Graduate,Married,80067,0,B
1763,1958,Graduate,Together,64961,1,B
1764,1976,Graduate,Married,59809,2,B
1765,1947,Master,Together,78093,0,B
1766,1991,Basic,Single,26868,1,B
1767,1974,Graduate,Divorced,53034,2,C
1768,1977,Graduate,Together,55375,1,B
1769,1964,PhD,Married,65526,1,B
1770,1963,Graduate,Married,50437,2,B
1771,1974,Graduate,Married,30631,1,B
1772,1973,Graduate,Divorced,78901,1,B
1773,1981,Secondary,Married,56337,2,B
1774,1982,Graduate,Together,19444,1,B
1775,1976,Master,Single,70379,1,B
1776,1965,Graduate,Together,75276,0,B
1777,1985,Secondary,Together,7500,1,B
1778,1953,PhD,Divorced,36957,2,B
1779,1973,PhD,Single,54466,2,B
1780,1976,PhD,Married,16927,2,B
1781,1976,Graduate,Divorced,12571,1,B
1782,1951,Graduate,Single,72282,0,B
1783,1950,Graduate,Married,59462,1,B
1784,1976,Secondary,Together,25176,2,B
1785,1988,Basic,Together,13724,1,B
1786,1972,Graduate,Married,24434,2,B
1787,1956,Graduate,Single,60230,1,B
1788,1954,Graduate,Divorced,70044,1,B
1789,1975,PhD,Divorced,74165,0,B
1790,1984,Graduate,Married,55434,1,B
1791,1966,Graduate,Widow,79946,0,B
1792,1974,Graduate,Together,33590,3,B
1793,1965,Graduate,Married,58692,1,B
1794,1966,Graduate,Together,82427,0,B
1795,1970,Graduate,Single,93790,0,A
1796,1983,PhD,Together,70123,0,B
1797,1960,Master,Divorced,39228,0,B
1798,1976,PhD,Divorced,66476,1,B
1799,1972,PhD,Together,38887,1,B
1800,1961,Graduate,Single,86429,0,A
1801,1960,Graduate,Divorced,62204,2,B
1802,1975,Graduate,Single,84196,1,B
1803,1965,Graduate,Single,59686,1,B
1804,1970,Graduate,Divorced,58710,1,C
1805,1984,PhD,Single,82733,0,B
1806,1958,Graduate,Single,94472,1,B
1807,1958,PhD,Divorced,32173,1,B
1808,1968,Graduate,Single,57107,1,C
1809,1978,Graduate,Married,71427,2,B
1810,1990,Graduate,Single,26095,1,B
1811,1972,Graduate,Together,31590,1,B
1812,1963,PhD,Divorced,48799,1,B
1813,1975,Master,Single,31160,1,B
1814,1949,Graduate,Together,69372,0,B
1815,1975,Secondary,Divorced,11448,0,B
1816,1966,PhD,Together,47472,2,B
1817,1986,Secondary,Single,80910,0,B
1818,1947,Basic,Together,28389,0,B
1819,1980,Graduate,Married,15072,2,B
1820,1981,Secondary,Married,35523,1,B
1821,1961,Graduate,Single,30081,1,B
1822,1970,Graduate,Divorced,64713,1,B
1823,1962,Graduate,Married,83715,0,B
1824,1969,PhD,Single,48240,0,B
1825,1956,Graduate,Married,50387,2,B
1826,1969,Graduate,Married,4428,1,A
1827,1975,Graduate,Married,48178,2,C
1828,1948,PhD,Married,83837,0,B
1829,1971,Graduate,Married,66303,1,B
1830,1952,Graduate,Married,49413,1,B
1831,1948,Graduate,Together,51315,0,B
1832,1991,Secondary,Single,61618,0,B
1833,1950,PhD,Married,54432,3,B
1834,1963,Graduate,Widow,34213,2,B
1835,1957,PhD,Divorced,41437,2,B
1836,1959,Graduate,Divorced,23295,0,B
1837,1958,Master,Together,46692,1,B
1838,1962,Master,Single,59247,2,B
1839,1972,Master,Married,37787,1,B
1840,1979,Graduate,Single,47691,1,B
1841,1966,Graduate,Divorced,70287,0,B
1842,1959,Secondary,Married,26887,1,B
1843,1984,Graduate,Married,90000,0,B
1844,1986,Basic,Single,8940,1,B
1845,1981,Secondary,Single,24336,1,B
1846,1976,Secondary,Together,26326,0,B
1847,1967,Graduate,Married,35441,2,B
1848,1978,Graduate,Together,16531,1,B
1849,1984,Graduate,Married,72570,0,B
1850,1955,Master,Divorced,46390,1,B
1851,1968,Graduate,Single,75922,0,B
1852,1973,Graduate,Divorced,89694,2,B
1853,1974,Graduate,Divorced,19346,1,B
1854,1957,PhD,Married,82017,0,B
1855,1956,Graduate,Single,46998,1,B
1856,1965,Graduate,Married,44393,2,B
1857,1981,Graduate,Together,88325,0,B
1858,1979,Master,Married,40662,1,B
1859,1956,PhD,Widow,78028,1,B
1860,1958,Graduate,Married,67267,1,B
1861,1973,PhD,Together,39435,1,B
1862,1950,PhD,Married,55517,2,B
1863,1975,PhD,Married,76618,0,B
1864,1948,Graduate,Married,77142,0,B
1865,1973,Graduate,Married,92955,0,B
1866,1969,PhD,Married,51039,2,B
1867,1959,Graduate,Together,38285,3,B
1868,1984,Graduate,Married,31761,1,B
1869,1960,Master,Together,73113,0,B
1870,1977,Secondary,Divorced,59601,1,B
1871,1955,Master,Single,36927,2,B
1872,1992,Graduate,Together,63207,0,B
1873,1963,Master,Divorced,49476,1,B
1874,1986,Graduate,Single,26576,1,B
1875,1959,PhD,Widow,67786,0,B
1876,1968,PhD,Married,36778,2,B
1877,1995,Graduate,Single,71163,0,B
1878,1979,Secondary,Married,54210,1,B
1879,1959,Graduate,Married,54984,1,B
1880,1980,PhD,Single,36802,1,B
1881,1953,Graduate,Divorced,62551,0,B
1882,1977,Graduate,Married,41124,1,C
1883,1979,Graduate,Married,72063,1,B
1884,1976,Graduate,Married,65665,1,B
1885,1956,PhD,Together,76542,0,B
1886,1969,Graduate,Widow,43638,1,B
1887,1990,Graduate,Married,30093,0,B
1888,1967,Graduate,Together,27943,2,B
1889,1962,PhD,Married,42769,1,B
1890,1958,PhD,Together,37334,2,B
1891,1994,Graduate,Single,95529,0,B
1892,1961,Master,Together,48330,1,B
1893,1951,Master,Married,59412,0,B
1894,1964,Graduate,Married,40800,3,B
1895,1974,Graduate,Together,44392,2,B
1896,1978,Graduate,Single,7500,2,B
1897,1957,Master,Together,65487,0,B
1898,1979,Secondary,Together,7500,1,B
1899,1957,Master,Married,66726,2,B
1900,1949,Master,Widow,51529,1,B
1901,1981,Graduate,Married,54386,1,B
1902,1976,PhD,Married,68397,1,B
1903,1956,PhD,Married,66334,1,B
1904,1982,Graduate,Married,63211,0,B
1905,1959,Graduate,Together,71232,1,B
1906,1986,Graduate,Together,33235,1,B
1907,1965,PhD,Together,34230,2,B
1908,1960,Master,Married,28520,2,B
1909,1985,Graduate,Married,44322,1,B
1910,1973,Graduate,Married,65308,0,B
1911,1984,Graduate,Single,52413,1,B
1912,1969,Graduate,Single,54803,1,B
1913,1978,Secondary,Single,36975,1,B
1914,1979,Graduate,Married,7500,1,B
1915,1945,Graduate,Married,69755,0,B
1916,1973,Graduate,Together,55593,1,B
1917,1971,Graduate,Single,72258,1,B
1918,1951,Master,Single,49389,2,B
1919,1983,PhD,Married,86580,0,A
1920,1991,Graduate,Single,8028,0,D
1921,1976,Secondary,Married,23718,1,B
1922,1967,PhD,Divorced,28420,1,B
1923,1989,PhD,Together,77845,0,B
1924,1959,Graduate,Married,65492,0,B
1925,1983,Graduate,Single,22148,0,B
1926,1969,Graduate,Married,44078,2,B
1927,1985,PhD,Married,18169,1,B
1928,1984,Master,Married,30477,1,B
1929,1978,PhD,Married,46377,1,B
1930,1947,Graduate,Together,70321,0,B
1931,1978,Graduate,Married,57113,2,C
1932,1967,PhD,Married,36947,2,B
1933,1958,Graduate,Together,46610,0,B
1934,1975,Graduate,Married,65106,1,B
1935,1975,Graduate,Married,23957,1,B
1936,1976,Graduate,Together,36283,2,B
1937,1975,PhD,Together,56559,1,B
1938,1978,Master,Married,43783,1,C
1939,1970,PhD,Married,38853,2,B
1940,1968,Master,Single,50014,1,B
1941,1980,Secondary,Single,45889,1,B
1942,1975,Graduate,Together,76532,2,B
1943,1960,Master,Married,30522,1,B
1944,1951,Graduate,Widow,70792,0,B
1945,1967,Graduate,Married,61223,1,B
1946,1976,Graduate,Married,53858,1,B
1947,1961,Graduate,Single,45938,0,B
1948,1948,Graduate,Married,92344,0,A
1949,1984,Master,Single,31385,1,B
1950,1970,Graduate,Single,24163,2,B
1951,1983,Graduate,Married,76630,0,B
1952,1958,Graduate,Together,66886,1,B
1953,1965,Graduate,Married,72190,0,B
1954,1963,PhD,Divorced,72968,0,B
1955,1968,Graduate,Married,45688,1,B
1956,1964,Graduate,Widow,85620,0,B
1957,1955,Graduate,Together,76005,0,B
1958,1963,Graduate,Divorced,33378,2,B
1959,1969,Graduate,Single,57731,1,B
1960,1977,Graduate,Single,37774,2,B
1961,1949,Graduate,Widow,72298,0,B
1962,1952,Graduate,Together,75278,0,B
1963,1960,Master,Married,89058,0,B
1964,1967,Graduate,Together,75702,2,B
1965,1988,Secondary,Married,15716,1,B
1966,1980,Secondary,Together,25130,1,B
1967,1968,PhD,Married,29187,1,B
1968,1984,PhD,Single,16269,1,B
1969,1987,Graduate,Together,67605,0,B
1970,1961,Graduate,Married,36443,2,B
1971,1976,Master,Married,33181,1,B
1972,1950,PhD,Married,48699,2,B
1973,1975,Graduate,Married,51948,1,B
1974,1956,PhD,Together,77376,2,B
1975,1974,Graduate,Married,72099,0,B
1976,1984,Graduate,Single,79607,0,B
1977,1977,Graduate,Single,85072,0,B
1978,1978,Graduate,Married,51267,2,B
1979,1984,Basic,Single,25707,1,B
1980,1971,PhD,Together,78642,1,B
1981,1953,Graduate,Together,34587,2,B
1982,1961,Graduate,Married,27116,2,B
1983,1952,Secondary,Together,57247,1,B
1984,1972,Graduate,Divorced,51813,2,B
1985,1991,Graduate,Together,89891,0,B
1986,1973,Graduate,Single,3502,1,A
1987,1966,Graduate,Together,70713,1,C
1988,1970,Graduate,Together,19656,1,B
1989,1981,Graduate,Married,19419,1,B
1990,1975,Graduate,Together,22280,1,B
1991,1961,Graduate,Married,49678,1,B
1992,1970,PhD,Together,65968,1,B
1993,1972,Master,Single,42394,1,B
1994,1978,Basic,Single,26487,1,B
1995,1986,Graduate,Divorced,41411,0,B
